id,predizione,effettivo
13714,5.41,12.0
11397,4.56,6.0
5953,6.28,5.0
4375,5.58,6.0
8747,27.32,26.0
11744,2.02,2.0
9596,8.77,13.0
11316,3.76,3.0
1769,5.36,3.0
950,16.09,12.0
12432,2.62,1.0
13934,28.65,19.0
9424,2.87,5.0
6695,1.0,1.0
6610,1.0,1.0
256,4.8,4.0
1609,19.0,22.0
4376,3.83,3.0
6287,2.52,3.0
2217,4.8,4.0
8077,4.41,4.0
4541,5.88,5.0
4541,5.88,5.0
952,14.89,14.0
4044,11.33,10.0
13443,4.14,6.0
4319,3.0,3.0
4319,3.0,3.0
7520,17.82,8.0
5824,6.93,5.0
9310,4.1866666666666665,6.0
5344,6.6,7.0
12714,6.89,6.0
4168,4.3,4.0
8771,5.69,5.0
10391,5.8,7.0
8697,19.90875,19.0
13083,5.2,1.0
7131,6.15,6.0
12777,12.46,8.0
7144,5.8,10.0
13492,3.0,3.0
3907,4.96,4.0
6216,11.32,11.0
4797,7.11,5.0
10799,4.04,2.0
6045,17.06,12.0
12814,10.73,14.0
561,12.45,5.0
3841,7.42,8.0
12493,12.26,14.0
6929,4.15,10.0
10498,52.05,38.0
5103,3.47,2.0
2031,4.87,1.0
11499,4.76,2.0
5589,6.13,6.0
5891,13.17,14.0
8403,10.4,7.0
8373,8.99,10.0
7108,7.39,0.0
8222,6.79,8.0
8084,11.14,7.0
6000,10.57,10.0
5270,3.58,2.0
5524,3.15,8.0
10541,2.58,1.0
501,3.43,2.0
12369,2.9,6.0
8051,8.67,9.0
11342,1.51,1.0
3633,0.9,1.0
8124,7.99,8.0
5597,12.3425,8.0
3800,2.68,2.0
4212,9.29,13.0
5308,6.19,4.0
1312,2.83,3.0
3663,3.64,3.0
6060,3.36,3.0
10369,1.6,3.0
9548,6.48,8.0
9444,15.17,10.0
11968,5.36,3.0
1205,6.71,9.0
4359,4.81,0.0
13920,14.7,17.0
11948,22.12,15.0
5005,8.53,4.0
5005,8.53,4.0
5614,10.45,13.0
6106,2.73,7.0
4129,1.87,1.0
9837,6.69,3.0
541,2.49,11.0
12241,4.48,3.0
13381,5.98,7.0
6338,6.75,8.0
8470,4.4,4.0
7317,103.72,79.0
596,2.9,4.0
7286,100.05,84.0
8759,6.2,7.0
9408,1.25,4.0
9508,3.31,3.0
4070,1.07,1.0
14093,29.61,28.0
685,6.54,9.0
5175,9.53,10.0
8383,8.52,8.0
9629,2.84,4.0
7957,4.58,4.0
7514,10.07,19.0
4112,8.65,9.0
7160,7.54,4.0
5029,3.53,4.0
10000,3.14,3.0
14016,44.11,47.0
4351,2.29,1.0
5723,15.89,14.0
857,6.58,6.0
11478,2.49,5.0
12401,4.732,3.0
13090,16.77,29.0
13621,5.32,21.0
13113,8.46,13.0
4606,4.69,1.0
1868,11.16,8.0
8595,6.88,2.0
11343,1.11,1.0
13278,43.98,8.0
887,4.2,4.0
4517,3.0,3.0
4517,3.0,3.0
1472,4.75,17.0
966,10.0,10.0
707,4.92,12.0
3819,11.66,15.0
4501,4.77,6.0
4501,4.77,6.0
6644,1.08,1.0
13811,6.51,9.0
618,3.71,4.0
4828,16.11,10.0
6241,11.36,4.0
13526,6.0,6.0
3757,1.5,1.0
1683,1.27,1.0
10183,7.67,9.0
9848,3.88,3.0
6825,9.51,8.0
10013,8.95,8.0
11547,3.3,4.0
7826,17.59,8.0
3929,27.21,25.0
8177,7.19,8.0
11430,2.09,1.0
5211,9.44,8.0
1336,4.07,4.0
3620,13.46,7.0
10035,4.29,9.0
8390,8.69,11.0
4291,5.97,6.0
4291,5.97,6.0
13857,4.0,15.0
13198,13.42,13.0
13198,13.42,13.0
2193,7.04,6.0
8533,0.93,1.0
10345,7.8,1.0
12152,4.84,1.0
6508,10.24,10.0
1662,4.95,4.0
4202,15.1,16.0
2013,4.09,3.0
2016,5.0,5.0
10318,34.34,81.0
10195,14.3,15.0
2096,8.31,0.0
4217,11.76,14.0
9517,11.31,5.0
4278,3.0,3.0
4278,3.0,3.0
10790,20.86,11.0
1480,7.75,21.0
11496,2.49,3.0
7915,9.69,9.0
8326,9.69,26.0
150,31.35,35.0
6903,2.07,1.0
9442,13.02,11.0
13998,7.48,8.0
8643,5.45,9.0
84,4.74,4.0
10472,12.41,9.0
8245,2.1,2.0
8549,7.91,5.0
436,5.63,2.0
6247,8.01,6.0
11139,3.46,2.0
4937,12.8,19.0
12574,7.86,1.0
13785,5.8,3.0
13667,3.49,5.0
11498,3.47,3.0
4165,5.4,16.0
7870,10.65,14.0
5560,3.38,2.0
6742,2.53,1.0
4556,1.31,18.0
8624,15.65,14.0
4542,3.885,3.0
4542,3.885,3.0
4264,3.23,3.0
4264,3.23,3.0
621,4.68,5.0
884,4.03,3.0
12821,4.34,1.0
10845,14.71,16.0
5231,8.1,10.0
6835,5.0,5.0
6835,5.0,5.0
6835,5.0,5.0
5225,2.45,4.0
12727,17.37,0.0
6540,9.44,10.0
102,15.9,17.0
4872,4.9375,4.0
13313,2.31,9.0
9087,5.635714285714285,13.0
3886,10.72,2.0
4386,4.54,5.0
4386,4.54,5.0
4203,14.54,18.0
667,3.96,4.0
12770,21.42,19.0
4233,1.69,2.0
5506,17.32,9.0
8409,4.71,4.0
3933,12.49,3.0
7684,8.34,8.0
7684,8.34,8.0
7684,8.34,8.0
7684,8.34,8.0
6777,3.39,3.0
8692,6.15875,4.0
4536,3.09,3.0
4536,3.09,3.0
5373,5.99,3.0
5006,6.12,4.0
5006,6.12,4.0
6361,8.69,9.0
4029,4.79,4.0
10381,24.88,24.0
4340,5.57,21.0
9622,4.64,8.0
1551,6.34,6.0
807,7.84,6.0
13900,13.92,7.0
3666,2.81,1.0
13040,20.2,7.0
3903,5.68,3.0
8500,19.61,26.0
9449,10.22,3.0
1469,7.46,2.0
6230,1.53,3.0
12666,12.93,6.0
4461,3.21,3.0
4461,3.21,3.0
8153,5.79,5.0
13805,6.18,4.0
11824,4.54,4.0
13401,5.62,2.0
5063,3.02,14.0
10284,2.5,2.0
2149,4.63,5.0
5832,3.97,2.0
2360,19.22,13.0
11285,5.15,1.0
6696,1.0,1.0
151,33.19,35.0
5508,12.6,8.0
1862,7.82,13.0
5932,12.33,19.0
5422,11.87,20.0
9680,9.58,3.0
10653,59.1,43.0
13124,15.66,14.0
511,13.8,1.0
8246,2.36,2.0
2332,3.0,3.0
3943,14.18,18.0
13928,25.3,15.0
9069,4.025714285714286,4.0
11995,17.9,30.0
10405,7.32,23.0
9811,5.88,6.0
432,3.37,1.0
10559,19.08,16.0
4698,3.16,7.0
12447,4.03,4.0
9761,4.06,4.0
185,37.67,40.0
6995,8.88,11.0
7137,2.88,3.0
1767,6.58,7.0
483,1.95,2.0
13764,25.99,3.0
10513,156.16,157.0
12984,1.12,1.0
13781,7.38,5.0
9346,6.3,5.0
10077,12.99,15.0
1319,3.0,4.0
8032,4.96,5.0
11903,28.55,2.0
9370,7.69,9.0
9470,8.97,6.0
8312,16.26,18.0
4699,2.42,3.0
11774,3.2,2.0
10544,8.2,18.0
1492,9.74,9.0
7635,13.84,14.0
4616,11.54,14.0
12587,3.5,5.0
8744,26.04,26.0
6251,0.95,0.0
4816,10.63,6.0
5419,10.87,24.0
5092,9.6,3.0
10829,5.53,4.0
7005,6.92,1.0
438,5.85,12.0
8773,5.25,3.0
8152,5.77,8.0
633,4.98,9.0
633,4.98,9.0
1752,3.62,3.0
4348,8.29,7.0
3994,13.48,22.0
9348,10.18,17.0
12850,1.65,0.0
2236,9.52,9.0
10752,9.9,7.0
4277,3.0,3.0
4277,3.0,3.0
9318,4.1075,4.0
1308,1.66,1.0
13661,15.13,7.0
6180,2.02,2.0
6004,10.02,10.0
5318,5.63,8.0
1897,3.94,9.0
5311,6.87,8.0
10423,26.06,25.0
6336,6.7,10.0
9640,9.29,7.0
5173,11.74,16.0
1721,13.0,10.0
1762,5.82,6.0
13799,4.35,3.0
8701,22.94875,22.0
3989,2.46,3.0
527,2.65,3.0
5844,12.18,11.0
4169,3.44,3.0
7927,10.18,4.0
14051,22.14,29.0
1045,6.52,6.0
3984,1.94,6.0
1366,6.18,5.0
284,4.1,4.0
8035,4.25,5.0
8120,10.3,12.0
10439,13.28,14.0
1066,13.95,14.0
3838,7.15,8.0
4557,1.76,2.0
12874,3.46,0.0
8543,1.05,2.0
1914,13.21,13.0
8858,2.62,20.0
13731,8.32,11.0
10683,0.93,0.0
11731,1.52,4.0
8789,4.76,6.0
4293,4.98,6.0
4293,4.98,6.0
5739,4.38,0.0
4902,3.93,7.0
9728,24.51,28.0
8427,1.79,4.0
739,14.38,14.0
10997,33.68,33.0
10447,24.65,44.0
6129,2.83,2.0
1790,6.27,5.0
2166,13.64,15.0
5737,3.3,9.0
11838,9.5,8.0
7169,12.24,16.0
11211,7.73,1.0
8571,5.4,8.0
10652,18.73,37.0
4076,1.52,1.0
1626,12.1,14.0
926,2.62,2.0
11653,2.52,1.0
4276,3.0,3.0
4276,3.0,3.0
1641,3.61,2.0
8717,25.09,17.0
8752,13.55,8.0
10638,18.15,12.0
1534,19.14,8.0
12791,13.53,13.0
9788,14.67,12.0
10430,25.57,26.0
5309,6.88,5.0
6646,2.76,1.0
13327,7.51,6.0
5135,14.1,6.0
2252,9.68,10.0
5493,1.55,5.0
4335,5.67,6.0
4335,5.67,6.0
1899,3.44,5.0
12471,1.11,1.0
5502,15.84,35.0
3718,8.04,11.0
1916,13.24,14.0
13682,10.91,10.0
9676,2.57,5.0
1536,10.78,13.0
3940,12.34,11.0
11318,1.19,5.0
1816,12.88,16.0
10372,2.14,1.0
12136,15.25,1.0
11288,5.04,4.0
3739,8.33,5.0
13463,5.06,5.0
8268,4.05,2.0
10075,13.01,9.0
4268,5.9,8.0
4268,5.9,8.0
7832,14.67,7.0
4319,3.0,3.0
4319,3.0,3.0
9533,6.86,6.0
3866,22.96,14.0
5323,10.44,9.0
9803,7.24,2.0
13681,10.43,0.0
4462,3.17,3.0
4462,3.17,3.0
7693,9.98,10.0
7693,9.98,10.0
7693,9.98,10.0
7693,9.98,10.0
4465,4.66,3.0
4465,4.66,3.0
7661,9.72,10.0
7661,9.72,10.0
7661,9.72,10.0
7661,9.72,10.0
8433,2.65,1.0
9425,5.71,4.0
10188,14.23,16.0
5468,2.13,1.0
13334,31.99,26.0
12325,3.92,4.0
5774,2.9,2.0
5477,8.76,3.0
6173,3.8,2.0
11186,5.0,7.0
9263,4.3,6.0
10527,127.29,73.0
758,6.66,8.0
6484,10.0,10.0
4256,3.83,4.0
4256,3.83,4.0
10147,3.19,10.0
9825,6.05,0.0
9832,10.2,6.0
12716,8.03,6.0
143,37.47,42.0
9224,5.27,13.0
12868,1.36,2.0
4039,3.33,1.0
5682,6.54,1.0
5079,2.1,0.0
9879,11.58,17.0
12192,4.79,3.0
5453,4.17,2.0
7218,5.87,7.0
3677,2.3,1.0
10012,8.61,8.0
13394,47.78,15.0
6545,9.59,10.0
10796,4.01,4.0
12303,14.45,18.0
34,25.73,17.0
6473,10.08,10.0
7900,11.8,8.0
12699,19.16,0.0
9158,6.442,6.0
14024,15.98,8.0
1476,4.11,3.0
7923,7.54,6.0
9362,4.34,3.0
8142,3.78,4.0
7164,11.21,4.0
11862,0.31,0.0
4332,3.4,3.0
4332,3.4,3.0
12434,2.62,1.0
8114,3.81,6.0
11419,5.37,6.0
2041,4.74,5.0
3873,2.59,3.0
8387,8.12,9.0
8862,1.8,0.0
12564,14.72,15.0
6615,1.0,1.0
2012,2.49,5.0
10398,6.69,3.0
11678,3.27,6.0
4459,8.79,12.0
6638,1.0,1.0
11823,4.54,5.0
13439,2.75,16.0
2287,10.65,6.0
8874,5.1,11.0
3822,20.57,22.0
6785,3.57,3.0
11887,4.15,3.0
6971,5.82,6.0
8590,16.08,6.0
5828,3.09,2.0
4191,3.47,4.0
13296,7.18,40.0
4234,1.98,2.0
7603,10.79,11.0
6941,3.04,3.0
11072,7.31,8.0
6500,9.96,9.0
1344,14.05,14.0
1540,7.34,9.0
903,12.44,12.0
13254,48.79,48.0
7550,5.95,8.0
4270,5.17,6.0
4270,5.17,6.0
7792,5.25,3.0
1572,17.64,17.0
5859,6.25,10.0
7531,6.68,6.0
7485,4.03,4.0
7013,2.22,0.0
10877,5.57,3.0
1975,4.72,4.0
4136,2.51,3.0
1750,3.3,9.0
169,35.07,39.0
11477,1.93,3.0
7421,16.04,9.0
5620,17.18,7.0
4187,5.81,0.0
13894,11.4,12.0
9559,5.22,2.0
7652,8.55,18.0
6020,11.64,7.0
9988,13.19,13.0
4530,3.0,3.0
4530,3.0,3.0
11391,5.7,1.0
13640,21.53,0.0
12544,3.27,1.0
4263,3.6425,4.0
4263,3.6425,4.0
12597,12.42,18.0
3900,6.97,4.0
8100,8.57,7.0
7706,3.08,1.0
3660,4.69,2.0
5534,10.67,9.0
13744,20.24,18.0
8337,7.07,7.0
11556,7.59,10.0
7325,92.81,98.0
3975,3.37,4.0
11975,21.83,1.0
12907,0.98,0.0
13152,14.0175,13.0
7553,5.73,6.0
1812,17.23,28.0
3831,12.22,9.0
10004,2.31,3.0
8178,6.88,0.0
3763,1.96,1.0
12256,1.8,4.0
8505,12.34,14.0
7248,5.39,37.0
6386,3.75,5.0
1681,1.15,1.0
11283,4.78,5.0
8150,5.25,26.0
5782,2.92,3.0
7145,5.96,6.0
1217,9.765,13.0
680,8.16,4.0
7024,1.02,1.0
582,1.12,3.0
7069,10.52,3.0
11334,1.46,4.0
8320,24.49,27.0
6127,2.08,3.0
6893,2.09,2.0
2186,6.02,6.0
10925,27.08,26.0
8535,1.26,1.0
7288,82.34,104.0
8174,6.05,6.0
1256,12.94,13.0
4244,4.68,5.0
4244,4.68,5.0
5626,15.5,7.0
4387,4.84,5.0
4387,4.84,5.0
5751,8.69,9.0
12187,2.79,4.0
4308,9.75,7.0
4308,9.75,7.0
11267,6.42,6.0
13432,10.72,9.0
7791,6.05,5.0
2202,5.23,2.0
4207,9.97,63.0
9023,9.03,11.0
5843,4.12,10.0
1894,5.66,6.0
9373,1.71,5.0
3952,10.71,11.0
8836,8.35,7.0
4995,5.70375,5.0
9656,11.38,5.0
7805,10.25,10.0
10901,4.79,3.0
7804,10.25,10.0
2344,9.62,4.0
5232,7.74,3.0
9786,10.46,8.0
8197,8.06,9.0
4172,7.68,4.0
12819,7.32,14.0
9609,3.33,4.0
4689,1.4,1.0
13617,11.28,12.0
5652,4.76,4.0
8916,20.8,14.0
9019,9.51,7.0
5853,10.02,9.0
6264,6.95,0.0
13286,12.77,1.0
9113,13.94,9.0
10806,7.08,5.0
13440,4.94,4.0
40,3.15,2.0
2314,2.95,4.0
6510,10.22,10.0
13374,21.85,34.0
6329,8.78,9.0
5510,9.17,13.0
965,7.83,9.0
4706,9.16,5.0
278,4.02,2.0
9218,10.04,16.0
7047,5.12,4.0
1592,15.33,9.0
36,19.06,1.0
1169,7.73,12.0
10802,1.66,1.0
6283,1.51,1.0
13594,8.793333333333333,6.0
10366,12.83,3.0
670,4.06,6.0
11977,23.2,19.0
5392,11.33,13.0
13058,10.4,7.0
1004,20.52,18.0
4148,10.18,16.0
7988,16.77,15.0
5126,5.09,1.0
564,6.45,5.0
12796,8.82,6.0
11951,14.38,14.0
13977,25.58,30.0
7928,3.51,2.0
10178,5.45,7.0
6869,1.0,1.0
5279,3.88,4.0
6619,1.0,1.0
1733,8.29,8.0
13680,10.13,4.0
13404,2.74,5.0
9721,24.03,24.0
12920,5.14,6.0
4288,3.12,3.0
4288,3.12,3.0
1939,13.43,14.0
984,9.6,8.0
10142,19.95,7.0
10018,5.51,2.0
7358,7.13,6.0
49,9.5,13.0
9363,5.7,2.0
14029,8.39,2.0
13276,45.46,37.0
10026,5.57,3.0
47,3.94,5.0
3864,16.24,12.0
9991,10.87,12.0
4860,1.09,3.0
3636,1.01,1.0
4383,3.03,3.0
4383,3.03,3.0
4961,3.3833333333333333,5.0
6537,9.93,10.0
2178,7.65,7.0
4370,0.84,1.0
3944,14.65,19.0
10387,12.24,27.0
14019,42.86,3.0
254,6.71,7.0
7161,9.22,17.0
6184,1.98,2.0
6309,0.38,0.0
6309,0.38,0.0
4497,3.0,3.0
4497,3.0,3.0
7681,19.3,22.0
7681,19.3,22.0
7681,19.3,22.0
7681,19.3,22.0
13642,16.12,9.0
7703,9.06,15.0
12663,1.64,1.0
8132,5.94,7.0
105,17.06,13.0
11794,6.54,12.0
654,2.66,3.0
9520,5.01,7.0
13521,5.96,6.0
1632,10.22,20.0
10726,8.23,7.0
7042,5.36,4.0
296,5.24,12.0
9099,7.037142857142857,7.0
7842,10.32,11.0
7944,3.27,4.0
11525,3.0,3.0
8556,2.97,3.0
13005,1.49,9.0
10521,43.61,30.0
5317,5.91,3.0
9636,13.61,11.0
7689,13.19,7.0
7689,13.19,7.0
7689,13.19,7.0
7689,13.19,7.0
13572,17.98,20.0
5596,13.4525,15.0
13159,15.38,16.0
9461,6.17,7.0
7868,12.7,12.0
6437,0.39,0.0
951,15.91,14.0
5409,21.93,12.0
5864,16.12,11.0
7684,8.34,8.0
7684,8.34,8.0
7684,8.34,8.0
7684,8.34,8.0
814,16.28,19.0
918,9.72,6.0
2098,6.8,6.0
10929,28.9,26.0
3756,2.48,1.0
5528,6.6,0.0
8917,17.85,11.0
10160,7.54,15.0
8708,17.82,13.0
460,11.14,11.0
11224,6.8,7.0
11232,1.15,1.0
4573,5.81,3.0
4884,0.98,9.0
5228,4.12,20.0
10504,64.81,46.0
7276,61.75,45.0
8609,4.26,4.0
12602,10.01,0.0
7321,102.23,109.0
5292,1.59,0.0
1719,11.11,12.0
6776,5.17,3.0
13314,6.02,0.0
10358,22.32,15.0
13402,2.62,2.0
3863,15.26,11.0
4346,8.29,10.0
540,2.64,7.0
14047,20.37,20.0
198,23.33,32.0
6431,4.73,7.0
11494,2.23,1.0
7970,6.92,5.0
493,5.68,9.0
8057,7.95,9.0
5313,5.74,3.0
8689,7.90875,6.0
3638,1.05,6.0
1031,5.31,8.0
4356,4.22,11.0
6521,9.35,6.0
8377,9.59,10.0
9387,0.62,0.0
6931,4.58,6.0
4214,9.31,37.0
7743,2.88,2.0
1585,15.1,7.0
4578,4.426666666666666,3.0
5094,10.91,4.0
471,1.87,2.0
10599,12.82,28.0
977,9.0,10.0
7795,3.2,3.0
2125,4.97,7.0
11998,22.62,30.0
512,5.84,1.0
6946,3.0,3.0
4694,0.99,1.0
4246,7.04,9.0
4246,7.04,9.0
7120,2.25,11.0
7011,2.74,1.0
12272,20.52,17.0
12155,11.46,15.0
8311,16.05,20.0
5034,12.26,7.0
9547,6.21,7.0
5305,7.4,7.0
4100,2.96,2.0
8170,5.09,7.0
473,3.32,5.0
1183,7.73,10.0
8778,6.32,5.0
10289,1.16,1.0
11443,5.19,6.0
11443,5.19,6.0
11337,2.81,3.0
642,3.6,3.0
9374,0.73,0.0
13892,7.04,6.0
468,2.04,0.0
691,8.82,12.0
1595,13.52,14.0
1304,3.27,2.0
5336,3.6,6.0
10205,17.78,16.0
8415,2.9,6.0
4489,6.15,6.0
4489,6.15,6.0
12588,5.97,5.0
6452,9.73,13.0
9320,4.2475,4.0
8627,12.7,5.0
353,3.21,2.0
8808,14.32,3.0
2030,8.08,8.0
9047,10.62,13.0
8042,3.98,6.0
5010,9.4,4.0
5122,12.37,16.0
6194,2.92,3.0
7489,5.32,12.0
2127,5.6,14.0
13943,22.89,7.0
2219,7.74,3.0
7306,94.54,71.0
12100,14.86,15.0
1315,2.98,4.0
8011,20.79,30.0
2129,6.21,13.0
11571,2.01,2.0
2329,3.0,3.0
7289,79.82,84.0
6799,3.0,3.0
6304,6.61,5.0
5379,4.54,2.0
10904,4.94,9.0
4391,9.0,9.0
4391,9.0,9.0
1896,5.13,6.0
3679,1.21,1.0
4000,3.17,5.0
1421,10.28,13.0
13097,18.09,19.0
12739,8.66,7.0
5227,3.28,18.0
942,12.7,16.0
9810,5.69,4.0
3593,1.21,2.0
6330,8.47,10.0
1818,16.27,17.0
10182,7.45,4.0
10879,2.75,8.0
5261,5.64,6.0
252,6.73,7.0
6372,6.6,9.0
5278,5.8,4.0
4327,4.255,5.0
4327,4.255,5.0
5801,2.0,2.0
13515,1.85,1.0
611,5.51,4.0
734,13.91,14.0
13716,10.23,25.0
7133,4.02,4.0
273,2.19,1.0
13606,9.9,11.0
7694,8.42,8.0
7694,8.42,8.0
7694,8.42,8.0
7694,8.42,8.0
11367,3.71,4.0
7471,11.24,37.0
11222,7.59,8.0
11669,1.0,1.0
6442,14.37,7.0
13889,2.18,1.0
11809,0.11,3.0
13392,54.88,49.0
5306,6.43,11.0
1292,3.65,4.0
5789,2.92,5.0
7801,9.17,11.0
474,4.09,1.0
1545,13.17,16.0
4508,16.21,20.0
4508,16.21,20.0
4323,6.43,8.0
4323,6.43,8.0
8308,13.36,17.0
5017,11.12,9.0
8469,7.78,6.0
13609,6.31,2.0
2370,11.39,10.0
224,30.21,29.0
4544,5.415,6.0
4544,5.415,6.0
3887,5.71,2.0
5999,10.02,10.0
4171,7.4,7.0
6523,9.69,10.0
13377,20.47,23.0
13377,20.47,23.0
10795,4.92,9.0
7876,16.54,10.0
1343,13.43,11.0
4094,6.9,3.0
5790,2.77,1.0
5861,7.7,6.0
1285,7.84,6.0
214,47.12,44.0
1704,7.29,5.0
862,8.76,6.0
1905,1.87,2.0
6457,8.9,10.0
2148,4.73,5.0
5780,2.35,6.0
4033,4.21,5.0
9,23.75,40.0
9823,7.85,3.0
795,23.08,24.0
5792,2.14,5.0
8091,7.3,10.0
4779,3.43,7.0
7166,12.09,11.0
4284,3.0,3.0
4284,3.0,3.0
7548,5.97,6.0
1747,6.2,2.0
10938,26.32,26.0
7917,6.29,8.0
4821,11.3,4.0
1555,7.38,8.0
12382,1.3,5.0
12082,23.62,24.0
5960,7.69,11.0
5223,2.05,9.0
2161,15.75,15.0
9236,2.32,10.0
330,3.74,5.0
8310,13.85,17.0
1765,6.91,10.0
12140,5.04,1.0
1012,22.5,26.0
5216,3.86,14.0
13529,6.0,6.0
18,41.0,41.0
18,41.0,41.0
11434,2.62,5.0
9986,13.18,13.0
10982,32.72,23.0
4312,4.71,3.0
4312,4.71,3.0
7785,4.1,19.0
851,18.31,24.0
4341,5.57,5.0
9824,5.63,5.0
2254,10.06,12.0
9645,10.99,13.0
13194,14.83,7.0
13013,10.6,84.0
9295,5.0,9.0
7996,24.79,21.0
9658,8.13,13.0
1462,8.79,8.0
3664,3.25,3.0
5012,5.82,5.0
10483,34.97,24.0
4292,5.94,7.0
4292,5.94,7.0
9031,11.49,13.0
8633,3.07,3.0
4059,21.02,19.0
894,7.79,1.0
12001,32.42,34.0
12224,25.27,24.0
10420,25.36,26.0
14017,50.89,4.0
2034,3.14,4.0
8589,18.16,4.0
5797,2.0,2.0
9337,8.186666666666666,21.0
9412,10.99,5.0
5332,3.48,1.0
11539,3.0,3.0
13885,6.92,4.0
8631,16.83,20.0
4456,9.52,8.0
1109,6.81,3.0
3750,1.87,2.0
13035,26.82,49.0
12418,4.21,4.0
9838,6.82,5.0
1289,5.48,3.0
408,7.26,5.0
10299,19.32,14.0
7946,3.11,3.0
938,2.14,2.0
7976,11.72,12.0
10031,3.47,6.0
12464,11.65,11.0
5970,16.6,16.0
298,4.27,5.0
8794,9.44,7.0
11069,3.11,9.0
3851,2.87,1.0
11711,32.25,31.0
537,1.25,2.0
11036,6.15,8.0
8367,12.85,11.0
6865,1.0,1.0
12456,6.31,12.0
8850,4.0,4.0
6084,8.04,14.0
13219,18.14,5.0
5451,2.59,2.0
8721,23.88,19.0
12343,4.32,3.0
6209,0.92,0.0
5370,14.07,6.0
8507,12.2,12.0
3846,4.43,5.0
4241,3.0,3.0
4241,3.0,3.0
7072,7.96,3.0
1803,14.13,14.0
12827,3.09,2.0
13646,14.9,90.0
8064,1.29,2.0
947,14.92,10.0
10531,24.63,2.0
2,21.15,16.0
13886,4.24,0.0
6178,2.24,2.0
6793,3.0,3.0
9792,14.06,17.0
2222,6.91,8.0
5572,6.49,4.0
5172,16.21,17.0
2232,8.35,8.0
13251,58.09,34.0
11945,30.4,37.0
88,3.32,3.0
13578,19.76,20.0
5104,3.87,18.0
1744,9.13,17.0
6740,1.17,1.0
445,5.81,11.0
97,8.61,8.0
8325,14.39,16.0
8871,8.2,31.0
11190,5.21,8.0
4840,16.96,0.0
7343,4.18,2.0
11057,10.9,9.0
5459,2.57,0.0
9550,6.58,0.0
7816,10.0,10.0
7659,20.68,22.0
7659,20.68,22.0
7659,20.68,22.0
7659,20.68,22.0
8422,1.96,1.0
1157,7.61,8.0
6165,2.89,5.0
4157,10.84,4.0
4610,3.29,13.0
9049,8.615714285714285,8.0
9863,7.72,6.0
11401,1.15,0.0
1221,11.87,15.0
3855,9.29,9.0
5777,2.75,5.0
11339,2.56,3.0
5035,12.26,9.0
1075,9.27,9.0
730,13.53,17.0
11378,2.81,1.0
3646,8.22,8.0
9592,9.42,13.0
13921,18.13,19.0
13946,22.82,12.0
8754,21.77,33.0
4451,6.05,3.0
9953,13.16,14.0
4942,18.13,15.0
10779,2.91,6.0
7441,5.67,5.0
5538,9.97,5.0
6476,10.0,10.0
2177,7.46,5.0
3906,5.53,6.0
10808,6.94,10.0
6599,1.81,1.0
2167,12.56,12.0
6934,4.95,3.0
2355,20.56,17.0
4545,5.415,6.0
4545,5.415,6.0
2040,4.74,3.0
4603,5.18,6.0
6804,3.0,5.0
8363,11.66,13.0
934,5.03,5.0
8458,4.06,4.0
11488,2.85,2.0
4481,3.09,3.0
4481,3.09,3.0
12061,8.29,7.0
12554,9.2,15.0
12389,3.63,14.0
417,4.5,5.0
9876,13.34,6.0
2206,3.99,6.0
717,11.12,10.0
321,4.94,6.0
6685,1.0,1.0
7364,6.4,11.0
12976,0.37,0.0
7116,11.72,2.0
8009,23.78,26.0
6306,6.32,1.0
6050,4.41,6.0
5121,12.34,18.0
5704,11.22,13.0
4954,8.93,12.0
13006,1.37,1.0
7637,16.57,16.0
5752,8.78,9.0
8099,10.08,12.0
3675,2.63,1.0
8866,4.88,3.0
3964,2.91,4.0
7056,10.13,9.0
11857,0.8,1.0
11366,3.75,4.0
4413,4.7364,4.0
4413,4.7364,4.0
5504,21.61,11.0
4419,1.142,0.0
4419,1.142,0.0
5325,4.2,3.0
6832,5.0,5.0
6832,5.0,5.0
6832,5.0,5.0
9138,6.19,5.0
11037,6.15,9.0
9675,4.73,5.0
831,9.85,10.0
7833,36.69,9.0
4953,11.67,12.0
3684,1.0,1.0
6327,6.69,12.0
7319,85.53,79.0
11375,2.5,2.0
12266,7.13,14.0
1692,4.73,7.0
655,5.25,5.0
554,2.34,1.0
9222,5.37,16.0
1892,4.38,3.0
1826,15.6,13.0
6037,15.88,17.0
11980,23.51,13.0
12593,4.34,9.0
13186,10.08,7.0
5729,4.73,5.0
8063,1.31,3.0
9085,6.675714285714285,4.0
9417,11.84,17.0
3604,4.8,7.0
379,2.21,3.0
13653,4.6,4.0
10658,28.49,17.0
11786,3.4,3.0
677,5.45,3.0
6063,2.92,3.0
418,5.83,5.0
4255,5.5,7.0
4255,5.5,7.0
7445,5.69,6.0
1048,5.94,6.0
9077,5.905714285714286,4.0
13037,43.76,62.0
8259,5.88,4.0
5005,8.53,4.0
5005,8.53,4.0
5161,5.92,7.0
9259,8.07,7.0
8155,6.65,7.0
4266,3.0,3.0
4266,3.0,3.0
8769,5.43,4.0
13279,43.98,36.0
7232,95.91,111.0
10751,11.75,7.0
11277,5.01,6.0
1510,9.73,10.0
5933,12.33,11.0
9872,6.19,6.0
8834,8.19,8.0
12549,10.82,8.0
6702,1.12,1.0
9643,8.45,8.0
8188,8.18,8.0
1589,11.21,11.0
964,7.41,8.0
1490,7.99,8.0
6030,9.49,11.0
7632,4.0,5.0
13700,2.48,3.0
8703,11.60875,16.0
13562,11.46,8.0
4936,9.44,13.0
1065,13.95,14.0
8083,16.83,11.0
8554,2.56,1.0
5159,4.61,1.0
1903,4.21,1.0
234,4.36,2.0
11965,2.1,2.0
4685,4.83,3.0
9178,6.54,4.0
7569,5.09,5.0
6107,5.04,7.0
10494,68.25,64.0
5394,7.92,8.0
2299,1.33,2.0
390,13.54,10.0
7693,9.98,10.0
7693,9.98,10.0
7693,9.98,10.0
7693,9.98,10.0
10365,28.64,2.0
11425,5.27,4.0
4492,3.59,4.0
4492,3.59,4.0
9458,5.71,6.0
3747,5.99,6.0
11436,1.6,1.0
5455,5.25,6.0
7015,8.65,5.0
14045,20.03,30.0
13897,13.02,7.0
8838,6.32,11.0
11031,6.62,9.0
2188,6.04,6.0
3974,3.68,3.0
4190,4.13,2.0
5516,7.54,11.0
13601,9.59,10.0
11502,3.03,2.0
8577,9.23,3.0
8169,3.82,6.0
13620,4.23,10.0
326,7.58,3.0
4891,2.84,2.0
3621,12.67,5.0
13055,14.91,8.0
6835,5.0,5.0
6835,5.0,5.0
6835,5.0,5.0
12094,14.91,15.0
4676,3.66,5.0
4493,3.2,3.0
4493,3.2,3.0
10511,70.98,24.0
5616,11.47,12.0
4655,1.12,1.0
4858,1.01,0.0
7620,11.87,13.0
9150,7.672000000000001,6.0
9075,4.315714285714286,4.0
9612,5.19,4.0
2163,15.82,13.0
3793,2.9,2.0
1160,15.32,14.0
7671,20.68,22.0
7671,20.68,22.0
7671,20.68,22.0
7671,20.68,22.0
5007,6.26,7.0
5088,4.89,0.0
1199,10.26,10.0
7909,31.91,15.0
13545,3.43,12.0
2203,5.23,5.0
12342,4.63,1.0
5128,6.94,9.0
7363,17.19,8.0
3960,3.3,3.0
7323,95.67,123.0
10950,29.86,30.0
8398,9.99,8.0
1989,9.54,5.0
1535,18.4,6.0
9478,12.51,16.0
9556,7.948888888888889,9.0
10518,57.81,26.0
7541,5.9,6.0
756,8.58,5.0
10931,26.25,25.0
12928,1.88,0.0
11529,3.0,3.0
4256,3.83,4.0
4256,3.83,4.0
11865,1.23,3.0
9333,9.58,11.0
5301,7.24,6.0
1103,4.34,4.0
1060,15.44,5.0
3937,11.22,11.0
12495,12.21,17.0
1695,4.18,4.0
9722,24.03,2.0
11364,3.95,4.0
9421,5.75,6.0
1978,4.06,4.0
10613,25.43,23.0
6622,1.0,1.0
5665,12.76,7.0
5243,6.52,5.0
7772,4.28,4.0
7589,7.36,15.0
8714,15.26,22.0
12740,8.88,7.0
6990,9.08,9.0
6990,9.08,9.0
10827,23.73,11.0
1584,16.29,4.0
6399,0.65,0.0
4878,8.6575,14.0
8519,11.76,9.0
6507,11.08,10.0
4980,6.143333333333333,4.0
4543,3.925,3.0
4543,3.925,3.0
6689,1.0,1.0
8199,7.65,7.0
3746,6.02,6.0
2325,4.76,6.0
11451,9.33,9.0
11654,2.8,1.0
3908,2.36,4.0
6699,1.0,1.0
12063,13.8,8.0
9691,3.92,2.0
3918,4.52,6.0
11473,4.2,2.0
11380,2.74,4.0
73,4.42,5.0
5649,4.9,0.0
6319,4.93,8.0
5948,16.79,22.0
6277,7.35,7.0
13126,14.54,15.0
2133,10.93,8.0
10343,6.39,0.0
4047,14.51,15.0
9969,18.54,20.0
8792,9.6,7.0
12504,1.02,1.0
13397,4.24,3.0
928,2.9,3.0
673,5.27,7.0
8396,9.06,10.0
5636,9.87,2.0
3716,3.36,1.0
10895,3.86,5.0
11689,5.92,5.0
10293,0.85,7.0
258,3.55,2.0
11276,4.91,2.0
12410,4.162,3.0
1278,11.0,17.0
4181,8.26,4.0
5220,2.39,5.0
11217,8.84,3.0
10820,15.68,9.0
6751,3.72,21.0
11453,12.7,8.0
6085,9.08,9.0
5165,5.17,14.0
4404,4.5464,4.0
13703,6.44,1.0
1338,4.07,4.0
5386,8.55,12.0
7846,10.57,9.0
847,12.43,22.0
7802,9.25,11.0
4277,3.0,3.0
4277,3.0,3.0
4278,3.0,3.0
4278,3.0,3.0
11753,2.56,3.0
4632,7.63,2.0
4363,1.24,2.0
6326,3.21,0.0
7844,10.84,11.0
5402,8.1,6.0
255,6.32,6.0
5274,1.22,0.0
13272,59.78,9.0
4272,5.05,3.0
4272,5.05,3.0
3657,1.1,1.0
3949,10.66,10.0
9544,9.28,3.0
5505,21.76,1.0
4382,4.05,3.0
4382,4.05,3.0
10457,14.06,14.0
9220,5.7,13.0
8713,14.64,15.0
4315,3.0,3.0
4315,3.0,3.0
7648,12.14,15.0
6181,2.0,2.0
3932,22.32,1.0
7879,14.52,15.0
9303,3.13,3.0
13737,16.82,17.0
696,5.04,6.0
5854,7.62,14.0
13752,9.38,9.0
769,6.73,7.0
1514,6.31,5.0
3812,9.44,3.0
5537,18.85,4.0
11532,3.0,3.0
13803,9.01,3.0
9245,6.85,6.0
1089,8.21,8.0
12077,23.32,24.0
1680,1.15,1.0
10506,63.31,61.0
4437,4.58725,5.0
1711,6.89,8.0
1325,3.21,1.0
3654,1.0,1.0
5993,10.68,11.0
1866,11.37,11.0
8525,7.84,26.0
8292,7.91,9.0
7355,3.54,3.0
12542,1.08,1.0
6315,13.45,16.0
7296,118.35,120.0
9316,4.3575,5.0
5684,5.98,14.0
9867,6.57,6.0
5740,5.67,0.0
13171,7.81,38.0
6092,8.67,5.0
3752,1.37,4.0
1947,23.0,22.0
12998,5.73,7.0
7661,9.72,10.0
7661,9.72,10.0
7661,9.72,10.0
7661,9.72,10.0
5356,1.81,1.0
7784,9.14,15.0
1610,18.78,21.0
6653,1.28,1.0
8676,3.91,8.0
9059,5.405714285714286,6.0
5768,2.01,3.0
11592,3.41,2.0
10760,16.08,9.0
2300,1.3,3.0
5059,4.78,6.0
9301,3.03,3.0
1296,3.38,4.0
2269,9.04,9.0
10105,28.99,31.0
7576,5.69,5.0
3813,9.44,5.0
3982,1.89,1.0
9922,15.3,17.0
6583,6.57,6.0
3658,1.49,6.0
466,2.33,2.0
9688,6.76,5.0
7778,9.39,8.0
794,19.4,24.0
3881,36.64,37.0
1522,1.0,4.0
10749,10.09,7.0
921,5.5,15.0
4307,14.79,20.0
4307,14.79,20.0
6211,8.32,2.0
13546,3.62,7.0
4614,5.1,28.0
9976,12.07,15.0
1332,4.32,4.0
10384,22.28,31.0
1927,13.82,13.0
8859,2.46,4.0
6255,2.66,11.0
8154,6.52,8.0
13932,30.5,30.0
4846,12.21,9.0
14036,5.25,7.0
12264,6.79,1.0
4091,4.73,3.0
5074,4.33,2.0
1215,8.695,12.0
7478,4.88,4.0
6701,1.03,1.0
11768,2.08,3.0
10572,9.83,5.0
5585,8.58,3.0
7564,5.99,7.0
14033,11.97,9.0
13560,9.18,15.0
13220,18.14,5.0
4577,3.5266666666666664,3.0
7965,29.07,14.0
11900,6.56,14.0
6105,2.73,7.0
13149,13.8675,11.0
8716,24.61,27.0
3698,3.75,34.0
5577,26.59,6.0
5275,1.72,2.0
6972,5.12,4.0
2199,5.39,2.0
6116,7.01,7.0
1305,1.56,1.0
12231,26.47,19.0
9895,15.0,9.0
1760,3.21,3.0
4347,8.29,13.0
4548,6.55,7.0
4548,6.55,7.0
11300,2.72,5.0
170,42.27,39.0
7689,13.19,7.0
7689,13.19,7.0
7689,13.19,7.0
7689,13.19,7.0
6772,10.22,3.0
7229,13.34,1.0
4275,3.04,3.0
4275,3.04,3.0
4238,4.95,6.0
4238,4.95,6.0
5786,2.97,3.0
12540,1.0,1.0
1102,6.44,4.0
1725,15.76,15.0
12228,25.87,11.0
13686,9.4,3.0
6210,3.14,0.0
12747,8.25,5.0
1824,17.69,16.0
7346,5.65,3.0
6055,4.52,6.0
9791,13.78,20.0
7994,25.9,34.0
12985,1.12,1.0
9156,6.432,7.0
155,38.35,40.0
9512,10.17,13.0
10663,26.91,28.0
6670,1.0,1.0
5057,3.74,9.0
13033,12.28,32.0
9999,5.44,3.0
5890,14.33,8.0
5518,2.42,7.0
1148,6.1,3.0
7,21.15,20.0
5087,4.26,1.0
6662,1.06,1.0
3917,8.59,6.0
13610,5.44,20.0
12774,27.89,25.0
4295,3.6,4.0
4295,3.6,4.0
13726,32.55,33.0
11194,4.295,8.0
9039,9.74,8.0
9731,24.51,19.0
3912,2.32,3.0
7848,9.56,9.0
6748,6.56,8.0
1777,4.29,6.0
614,4.37,4.0
10315,37.64,38.0
4461,3.21,3.0
4461,3.21,3.0
7935,10.05,4.0
7906,14.46,14.0
8656,3.41,1.0
13282,43.5,40.0
7956,3.63,10.0
10744,11.49,18.0
6939,3.58,6.0
11916,11.03,23.0
8185,6.38,9.0
759,3.49,8.0
7447,5.62,6.0
13991,23.98,35.0
3810,7.44,3.0
2045,3.43,2.0
7738,4.27,4.0
5198,3.63,57.0
900,10.02,14.0
4502,4.77,3.0
2191,6.36,6.0
3790,6.63,8.0
4252,4.75,3.0
4252,4.75,3.0
3889,2.85,3.0
3777,1.12,5.0
5573,11.17,5.0
1520,1.0,1.0
13611,5.67,6.0
10421,25.83,26.0
10325,15.93,2.0
7211,3.08,10.0
4473,3.0,3.0
4473,3.0,3.0
8110,4.7,3.0
13342,32.01,23.0
5860,5.65,12.0
828,8.65,10.0
4338,5.57,7.0
4338,5.57,7.0
4675,4.36,4.0
1761,3.73,3.0
1182,5.67,5.0
7698,4.88,3.0
7698,4.88,3.0
12134,15.11,5.0
5765,2.07,2.0
5464,10.63,9.0
1878,10.75,8.0
10659,31.34,15.0
285,4.02,4.0
6891,2.26,2.0
13804,6.85,7.0
11636,3.45,3.0
2180,3.97,6.0
1395,4.19,4.0
13942,22.93,7.0
5856,7.06,8.0
10867,7.98,8.0
11716,4.84,2.0
12579,13.78,14.0
7524,18.37,32.0
5496,2.15,1.0
9011,10.02,10.0
11817,12.36,6.0
4795,9.67,3.0
2172,4.43,1.0
6945,3.0,3.0
4510,20.04,6.0
10664,23.57,16.0
4337,3.65,6.0
4337,3.65,6.0
7869,10.85,15.0
11039,6.07,9.0
37,9.78,2.0
8318,21.82,29.0
12065,23.25,23.0
13507,3.03,26.0
13071,13.1,21.0
6227,4.86,4.0
7003,9.0,9.0
7003,9.0,9.0
12477,1.43,2.0
13353,11.62,13.0
6788,3.03,3.0
6788,3.03,3.0
5407,15.21,17.0
7525,18.23,5.0
8504,14.32,16.0
5705,12.08,9.0
495,4.88,4.0
6433,4.73,6.0
8043,3.54,2.0
6940,3.61,15.0
1180,5.75,6.0
11925,20.11,16.0
8359,11.9,11.0
7806,10.7,11.0
931,3.36,3.0
5482,2.3,0.0
4328,5.92,7.0
4328,5.92,7.0
8296,9.66,4.0
5189,3.07,3.0
9338,7.586666666666666,5.0
5002,12.16,13.0
11533,3.0,7.0
11801,1.08,0.0
8117,7.19,12.0
7081,15.18,7.0
10835,5.81,6.0
13585,5.59,7.0
11527,3.0,3.0
13901,10.8,12.0
7313,90.76,118.0
6812,3.07,3.0
9423,3.26,0.0
1174,12.2,13.0
6961,4.21,5.0
9043,7.78,6.0
9274,8.54,13.0
10352,15.53,12.0
7175,5.46,14.0
6679,1.12,1.0
11335,2.43,3.0
5068,2.46,10.0
5019,4.75,6.0
6532,9.82,9.0
1422,9.65,12.0
3913,4.57,24.0
276,3.32,2.0
1042,4.8,6.0
10783,6.35,12.0
698,4.45,5.0
13845,5.22,3.0
987,11.59,12.0
7644,13.89,12.0
8855,7.05,14.0
13131,12.07,14.0
8309,13.36,16.0
11111,2.86,9.0
9053,7.715714285714285,8.0
7602,10.95,10.0
649,3.2,3.0
1077,8.3,10.0
6543,9.59,10.0
13994,20.21,21.0
4262,3.2725,0.0
4262,3.2725,0.0
3721,11.16,12.0
12179,20.19,26.0
8539,1.77,2.0
12395,3.66,2.0
8294,9.35,9.0
630,4.48,4.0
630,4.48,4.0
3733,6.98,8.0
10122,19.68,19.0
3814,10.2,11.0
5784,2.97,3.0
5099,2.63,7.0
10816,9.7,7.0
1590,13.69,11.0
8293,9.35,8.0
7036,4.15,1.0
8147,3.7,2.0
11651,3.2425,1.0
8345,9.21,7.0
8411,3.86,4.0
4799,8.8,5.0
14034,6.93,8.0
4343,7.33,14.0
6905,4.68,6.0
8842,4.0,4.0
5688,11.51,13.0
4272,5.05,3.0
4272,5.05,3.0
6012,13.67,7.0
9752,22.12,29.0
11702,15.16,25.0
10549,20.75,26.0
2338,3.24,3.0
9793,15.78,7.0
625,5.36,4.0
8450,4.66,4.0
10545,9.12,16.0
2356,20.49,20.0
919,6.24,7.0
5424,15.54,18.0
9760,1.48,4.0
10074,10.31,5.0
5290,0.69,18.0
2371,9.77,5.0
6618,1.0,1.0
13605,10.71,12.0
171,42.27,30.0
1092,12.19,13.0
6486,9.86,10.0
243,2.93,1.0
8607,2.55,3.0
8511,16.2,17.0
11459,13.1,22.0
7014,4.12,7.0
7326,73.07,97.0
3672,3.13,2.0
2046,2.35,3.0
10135,11.3,11.0
1716,7.98,6.0
852,17.41,25.0
12284,8.53,25.0
8183,17.04,25.0
5170,18.76,12.0
236,2.65,9.0
4345,8.4,9.0
4991,5.62375,5.0
7779,9.84,9.0
10960,27.37,28.0
1425,5.81,5.0
6937,3.19,4.0
4585,4.17,3.0
9202,13.3,16.0
12203,2.44,6.0
861,8.68,10.0
6320,11.09,15.0
5062,4.67,7.0
10733,11.34,5.0
7451,3.34,5.0
12349,0.32,1.0
1124,5.12,2.0
85,3.53,4.0
3751,1.64,2.0
764,3.02,3.0
6308,0.24,8.0
8240,9.92,13.0
12816,8.92,13.0
1563,7.95,12.0
4337,3.65,6.0
4337,3.65,6.0
7016,8.74,10.0
8781,6.44,5.0
13074,11.26,14.0
13141,12.53,13.0
4023,2.6,4.0
3867,22.77,13.0
10608,5.65,12.0
4292,5.94,7.0
4292,5.94,7.0
3902,4.66,3.0
4179,7.9,6.0
13218,17.3,5.0
820,6.51,6.0
3811,8.5,14.0
13912,15.01,40.0
11570,1.85,1.0
9519,5.44,12.0
7769,6.49,5.0
8997,10.62,10.0
9214,13.09,16.0
963,7.41,16.0
12193,4.32,5.0
9216,12.78,13.0
723,6.05,6.0
723,6.05,6.0
12071,21.19,23.0
13650,18.95,9.0
11122,7.27,6.0
4920,9.53,0.0
5154,8.97,12.0
6029,9.91,10.0
13553,13.45,5.0
4178,7.74,5.0
13583,7.77,5.0
6130,2.38,0.0
8149,5.97,24.0
14055,31.03,33.0
244,2.74,2.0
5619,12.51,9.0
13881,5.54,10.0
6795,3.0,3.0
6795,3.0,3.0
9097,7.607142857142858,7.0
7283,87.22,84.0
4483,3.9,3.0
4483,3.9,3.0
8270,10.26,10.0
12473,1.29,1.0
6983,6.56,6.0
7962,16.01,11.0
10499,53.81,124.0
3854,7.65,8.0
10930,26.92,26.0
3803,3.66,4.0
10006,3.35,5.0
9802,13.61,3.0
14004,20.59,28.0
5472,3.58,3.0
5191,5.53,6.0
3885,33.04,3.0
6736,1.0,1.0
8523,5.7,5.0
6787,3.04,3.0
4424,3.1093333333333333,3.0
5366,3.03,3.0
12767,12.41,0.0
4194,4.93,5.0
9168,9.55,10.0
1561,9.77,10.0
7327,10.2,2.0
11118,5.5,7.0
7783,10.24,9.0
9484,11.07,10.0
1566,6.92,7.0
7479,4.75,7.0
9597,8.67,7.0
13148,13.4575,14.0
12039,4.08,4.0
10053,9.98,9.0
5791,2.34,1.0
9399,8.18,3.0
14012,19.58,16.0
5467,2.93,1.0
7446,5.69,10.0
4257,3.5,3.0
4257,3.5,3.0
12139,5.04,4.0
13738,11.63,17.0
6019,19.02,25.0
8791,6.78,8.0
6524,9.67,10.0
9957,22.65,16.0
770,9.94,6.0
6948,3.0,3.0
4607,6.09,4.0
11604,3.04,4.0
12958,0.85,1.0
11946,22.48,34.0
5693,9.44,2.0
9210,13.3,16.0
5691,11.39,1.0
13147,13.5575,13.0
4612,2.8,1.0
5742,5.42,3.0
12576,9.21,7.0
1736,7.93,5.0
7547,5.92,6.0
1689,3.52,3.0
1104,4.34,10.0
12638,3.17,3.0
7559,5.75,6.0
9847,5.73,6.0
8839,4.63,4.0
11721,2.62,7.0
416,3.65,4.0
13633,7.26,12.0
8173,7.19,5.0
12252,0.89,0.0
6794,3.0,3.0
6794,3.0,3.0
9826,6.1,8.0
9635,12.79,11.0
10670,25.58,24.0
2042,4.51,4.0
9567,1.46,2.0
1660,3.21,5.0
859,6.36,7.0
12644,2.22,7.0
6253,0.98,0.0
6223,6.43,9.0
4421,3.264333333333333,3.0
4421,3.264333333333333,3.0
7863,12.88,10.0
12457,11.71,12.0
10040,2.35,0.0
12123,25.87,33.0
9657,9.21,5.0
4079,4.3,5.0
11599,2.32,3.0
331,2.96,4.0
4847,11.89,6.0
10371,1.26,1.0
13651,9.95,4.0
9526,1.85,3.0
748,15.71,20.0
6141,6.0,6.0
9238,3.73,0.0
7950,6.81,5.0
9814,5.47,5.0
7494,9.36,10.0
9835,7.18,7.0
12875,3.46,5.0
6760,2.95,3.0
8509,14.49,14.0
1028,3.58,3.0
4593,2.96,4.0
7501,5.53,6.0
280,4.17,4.0
6221,7.15,6.0
11493,2.06,3.0
9979,11.87,4.0
7430,7.52,10.0
5812,3.85,3.0
6847,4.67,1.0
7395,1.22,4.0
13280,47.48,18.0
13073,13.1,15.0
2359,19.86,20.0
11866,1.79,3.0
6803,3.0,5.0
9730,19.21,8.0
12323,3.77,4.0
744,15.96,15.0
1275,17.98,19.0
7939,3.71,4.0
4438,4.85125,4.0
7558,5.3,6.0
9896,12.08,9.0
10899,4.79,7.0
9198,13.87,16.0
12446,4.16,4.0
10569,5.94,10.0
168,22.41,39.0
11608,3.84,5.0
12290,5.36,1.0
8217,6.02,5.0
7561,5.96,6.0
12742,5.29,2.0
11168,5.53,14.0
11584,2.84,3.0
11381,2.36,3.0
9383,0.68,0.0
7730,4.11,4.0
4496,3.0,3.0
4496,3.0,3.0
1200,11.47,16.0
12503,1.02,3.0
2324,4.76,6.0
11971,10.57,25.0
10552,18.33,15.0
4971,5.433333333333334,2.0
5288,1.12,0.0
5540,5.91,15.0
9335,6.6466666666666665,7.0
11885,18.56,21.0
11703,20.88,26.0
1116,19.35,17.0
12804,27.75,25.0
7618,5.97,4.0
8131,3.06,30.0
905,10.98,14.0
7345,4.59,4.0
6157,8.89,4.0
5101,4.57,9.0
14123,49.96,65.0
595,1.62,7.0
11060,10.76,8.0
10774,4.06,1.0
6918,13.21,3.0
13180,5.66,3.0
13180,5.66,3.0
4818,8.59,6.0
4255,5.5,7.0
4255,5.5,7.0
9289,6.93,16.0
8826,3.82,3.0
8482,1.11,8.0
6836,5.6,10.0
9918,13.65,14.0
8828,6.6,2.0
1614,9.57,11.0
441,3.83,7.0
9543,9.31,3.0
5110,6.22,22.0
7657,7.32,7.0
7657,7.32,7.0
7657,7.32,7.0
7657,7.32,7.0
13895,11.4,5.0
180,35.69,39.0
12813,12.7,10.0
7952,5.03,19.0
9322,4.7175,5.0
13043,4.78,1.0
7959,5.31,4.0
12492,9.21,0.0
982,9.06,14.0
1998,2.96,2.0
11076,7.31,6.0
11891,10.25,10.0
4301,3.0,3.0
4301,3.0,3.0
5132,9.6,7.0
3924,1.22,1.0
8386,8.09,9.0
14084,45.54,50.0
13004,2.05,2.0
6041,5.2,20.0
13677,11.7,14.0
11187,5.0,7.0
10442,18.23,16.0
3808,6.84,22.0
4586,3.55,3.0
2151,6.82,11.0
12500,4.34,3.0
211,45.09,34.0
8201,6.19,7.0
1786,5.09,4.0
4609,5.51,1.0
7332,2.94,3.0
4912,8.99,8.0
11117,5.5,7.0
976,9.03,10.0
7689,13.19,7.0
7689,13.19,7.0
7689,13.19,7.0
7689,13.19,7.0
13221,15.36,5.0
1791,4.8,3.0
8075,11.84,2.0
5574,25.14,4.0
11545,5.62,3.0
5316,4.88,4.0
4686,4.94,4.0
12676,11.65,14.0
7967,14.91,16.0
11472,3.23,4.0
10468,15.14,15.0
6542,10.37,10.0
120,19.66,15.0
5157,4.49,4.0
12126,7.24,4.0
9696,9.8,10.0
12811,13.86,7.0
8860,2.0,9.0
8787,7.28,3.0
6397,1.2,0.0
7940,2.94,2.0
11030,6.25,6.0
1666,3.75,5.0
12580,15.28,17.0
4329,4.54,3.0
4329,4.54,3.0
5219,3.06,8.0
2015,4.96,5.0
12557,6.14,9.0
12467,5.53,4.0
7669,7.86,7.0
7669,7.86,7.0
7669,7.86,7.0
7669,7.86,7.0
5473,7.56,9.0
1223,10.54,13.0
13138,15.33,9.0
718,8.98,9.0
2023,5.14,3.0
459,10.96,4.0
6862,1.0,1.0
10010,4.79,7.0
1754,3.11,3.0
9140,6.79,5.0
13669,7.18,6.0
4477,3.0,3.0
4477,3.0,3.0
5194,11.21,62.0
11427,2.32,1.0
13691,10.18,15.0
4243,4.26,5.0
4243,4.26,5.0
1300,3.38,4.0
11192,4.515,5.0
7360,16.92,4.0
4886,0.6,7.0
11934,35.58,46.0
386,7.22,13.0
8663,9.18,6.0
5866,14.17,27.0
4534,6.48,6.0
4534,6.48,6.0
7440,5.1,5.0
12656,0.97,0.0
4361,1.3,0.0
10280,15.92,29.0
8372,8.75,9.0
13754,6.01,3.0
7565,5.96,7.0
12646,1.55,3.0
7744,2.27,2.0
10291,0.39,5.0
12444,4.64,4.0
13581,12.01,13.0
13690,7.75,13.0
8065,1.85,3.0
8237,11.85,3.0
5117,0.49,0.0
4018,3.56,5.0
10684,0.76,2.0
5868,20.08,20.0
5264,14.32,1.0
697,5.53,0.0
10830,4.03,7.0
13318,8.29,9.0
11675,4.1,4.0
9462,6.51,9.0
9326,6.88,14.0
11491,2.27,2.0
12820,6.85,19.0
6790,3.0,3.0
6790,3.0,3.0
13457,5.01,5.0
2307,15.31,24.0
7598,11.12,4.0
4273,3.33,3.0
4273,3.33,3.0
212,44.05,42.0
6749,4.52,3.0
7121,3.2,7.0
9341,6.4,12.0
7307,86.22,107.0
5559,3.52,3.0
12817,8.54,10.0
5781,2.79,3.0
10028,4.12,3.0
1379,3.29,3.0
8027,4.91,8.0
7754,3.56,2.0
11833,10.7,7.0
9936,9.84,2.0
9432,8.61,14.0
5698,7.43,2.0
2033,3.16,3.0
9514,13.21,16.0
633,4.98,9.0
633,4.98,9.0
11286,5.15,5.0
13213,31.33,46.0
8757,5.48,5.0
4269,4.66,3.0
4269,4.66,3.0
1286,6.64,6.0
4984,2.1133333333333333,2.0
666,4.69,2.0
3624,2.78,4.0
6101,10.49,17.0
8437,3.04,3.0
6609,1.0,1.0
8696,19.84875,22.0
12526,3.86,4.0
6298,3.32,12.0
5664,12.4,12.0
472,2.02,4.0
3685,1.09,4.0
675,6.06,4.0
8550,7.93,8.0
11040,6.2,10.0
6587,2.0,2.0
5499,4.15,15.0
7604,6.36,2.0
4147,9.88,2.0
7362,17.16,5.0
8323,18.84,26.0
10528,52.63,19.0
8562,5.09,4.0
2103,2.89,4.0
9940,27.56,14.0
4144,3.91,7.0
5580,10.01,15.0
7262,4.05,4.0
4371,4.56,16.0
10911,7.72,9.0
9886,0.96,0.0
13407,7.27,6.0
7593,11.1,11.0
3599,4.58,8.0
13413,3.18,3.0
4474,3.0,3.0
4474,3.0,3.0
8290,7.88,10.0
10596,21.0,10.0
9661,7.54,7.0
4568,2.838,2.0
8738,21.74,21.0
2251,9.17,9.0
13922,18.81,11.0
6350,6.02,5.0
3809,7.08,24.0
11163,7.04,3.0
4225,9.0,9.0
7258,4.03,4.0
8413,3.13,4.0
7375,2.8,4.0
10689,2.76,2.0
6600,0.79,2.0
5395,9.21,8.0
5886,16.82,10.0
12550,11.36,10.0
8287,8.69,12.0
9678,3.28,4.0
10317,37.66,55.0
8281,5.09,6.0
13711,11.0,4.0
277,3.84,2.0
9350,16.16,20.0
1061,14.74,34.0
10843,10.99,9.0
8343,12.46,9.0
12775,19.17,26.0
363,7.32,11.0
6511,10.24,8.0
7916,7.91,9.0
10797,4.55,0.0
4453,5.78,3.0
11226,4.59,1.0
1772,7.03,1.0
12586,3.65,6.0
4841,16.41,21.0
10185,11.58,17.0
6280,8.1,3.0
2330,3.0,3.0
7931,2.19,6.0
9126,4.69,5.0
11126,3.35,3.0
4420,2.9560000000000004,4.0
4420,2.9560000000000004,4.0
4592,0.9,0.0
3674,2.51,4.0
787,7.03,15.0
8473,7.2,9.0
13551,7.25,11.0
8715,15.4,16.0
1352,9.74,11.0
4303,3.0,6.0
4303,3.0,6.0
2010,2.33,3.0
13694,12.98,4.0
480,2.62,1.0
10758,17.2,16.0
9136,5.86,6.0
4379,3.74,3.0
4427,3.276,4.0
5483,5.38,2.0
10502,55.99,40.0
12293,13.13,14.0
1260,6.87,18.0
372,5.68,9.0
1945,22.04,22.0
6176,3.5,2.0
6,21.15,20.0
8768,4.43,4.0
8382,9.36,8.0
11310,10.61,1.0
235,3.2,1.0
4802,10.92,11.0
4802,10.92,11.0
4073,1.73,2.0
7650,7.75,7.0
10093,17.88,24.0
13476,5.0,5.0
8430,1.92,1.0
1400,2.68,4.0
13391,35.87,32.0
12765,6.34,6.0
10413,27.03,25.0
7799,4.86,10.0
8130,2.39,2.0
12651,3.86,5.0
3833,9.39,11.0
11928,27.11,27.0
12137,13.82,6.0
5328,2.99,4.0
4537,4.2,5.0
4537,4.2,5.0
9013,10.54,10.0
13644,6.48,3.0
4415,4.3004,5.0
4415,4.3004,5.0
1840,15.39,16.0
941,6.09,14.0
3682,1.02,1.0
10217,12.33,7.0
13656,11.98,18.0
13345,33.28,6.0
7418,14.39,14.0
9593,9.05,16.0
10451,15.64,14.0
440,5.6,5.0
7039,4.82,3.0
5259,8.83,11.0
3920,2.5,1.0
7095,1.85,2.0
2221,8.24,9.0
4366,0.0,0.0
9398,6.36,10.0
11756,1.4,3.0
14064,43.47,41.0
13976,41.53,37.0
13916,13.85,6.0
6112,7.0,7.0
11943,35.19,16.0
6926,3.57,9.0
4262,3.2725,0.0
4262,3.2725,0.0
12828,4.29,0.0
7857,10.4,11.0
11446,5.62,8.0
5788,2.97,3.0
11997,21.66,30.0
5525,4.2,8.0
6471,10.94,10.0
10579,10.74,5.0
13634,3.16,14.0
13047,5.0,5.0
10581,11.97,13.0
5494,0.78,3.0
13498,3.17,3.0
6027,11.44,10.0
1494,11.6,12.0
10193,11.73,23.0
5717,13.16,17.0
2374,3.84,3.0
13914,21.63,19.0
5235,1.57,0.0
6503,13.15,14.0
12219,24.3,26.0
10871,10.9,3.0
7831,5.97,1.0
5466,9.69,10.0
9844,13.69,10.0
8598,17.78,1.0
208,35.84,37.0
8004,17.3,17.0
8608,2.69,1.0
13268,105.85,56.0
10856,1.63,4.0
6217,9.74,9.0
12789,14.31,15.0
13627,1.7,4.0
1382,3.23,5.0
967,10.2,8.0
7352,4.3,5.0
5378,3.74,6.0
5299,6.81,5.0
9919,14.08,8.0
8447,6.97,8.0
12169,16.21,10.0
3591,3.5,2.0
6832,5.0,5.0
6832,5.0,5.0
6832,5.0,5.0
8756,9.87,4.0
6017,20.34,22.0
7356,3.7,2.0
10582,9.53,3.0
10199,21.26,22.0
11660,8.56,9.0
10903,4.71,7.0
9690,7.17,3.0
3648,1.85,2.0
1929,13.08,13.0
13701,4.93,1.0
14,40.82,37.0
1115,19.35,20.0
8782,5.5,6.0
6674,1.44,1.0
11752,3.21,3.0
6782,3.05,3.0
7376,2.89,4.0
11999,29.46,20.0
6302,6.63,8.0
5324,10.56,19.0
8025,3.83,7.0
6499,9.36,9.0
10515,94.5,24.0
5535,20.55,28.0
12260,3.84,5.0
5775,2.9,3.0
7704,5.46,14.0
2175,3.56,3.0
4587,2.97,3.0
498,4.8,4.0
5526,5.91,8.0
10294,2.32,6.0
4291,5.97,6.0
4291,5.97,6.0
142,38.26,26.0
52,6.64,6.0
9830,8.6,10.0
6651,4.36,1.0
5123,2.74,10.0
4394,8.16,9.0
4394,8.16,9.0
13506,3.0,3.0
4392,9.0,9.0
4392,9.0,9.0
154,39.54,46.0
4636,2.57,1.0
1165,8.38,7.0
10976,20.81,27.0
7038,4.7,3.0
5423,13.09,25.0
14121,42.76,55.0
13860,7.43,10.0
348,3.09,3.0
4563,3.0,2.0
8710,19.14,18.0
5043,2.61,4.0
12318,1.54,0.0
7616,5.84,5.0
3588,3.5,9.0
3821,20.15,16.0
10455,14.74,15.0
9764,7.3,19.0
6340,2.07,3.0
8982,5.92,0.0
7018,8.67,11.0
7858,8.26,9.0
4470,3.0,3.0
4470,3.0,3.0
8255,2.3,2.0
283,4.24,7.0
1756,3.25,3.0
7337,4.57,4.0
14118,40.56,67.0
8593,8.19,6.0
7416,14.06,22.0
11981,23.17,14.0
4309,6.44,6.0
4309,6.44,6.0
13624,5.18,11.0
4057,19.83,19.0
4444,4.06125,6.0
12200,2.03,0.0
217,56.57,52.0
6766,3.68,3.0
1327,4.16,4.0
5485,6.21,3.0
5931,18.37,18.0
6159,5.86,6.0
13048,5.84,5.0
1578,20.93,17.0
10041,2.35,2.0
1543,11.63,11.0
11828,6.03,2.0
875,7.31,19.0
4344,8.86,7.0
8421,2.02,4.0
1005,20.52,18.0
9420,12.4,1.0
7513,14.78,11.0
11282,4.92,5.0
6890,2.26,2.0
2051,4.18,3.0
8702,17.12875,25.0
4311,8.55,10.0
4311,8.55,10.0
627,5.28,5.0
627,5.28,5.0
429,2.35,1.0
55,5.77,3.0
8551,4.78,11.0
5335,3.06,5.0
7533,6.02,6.0
12741,5.56,2.0
992,8.14,10.0
12003,31.13,33.0
1267,17.43,21.0
6656,1.08,0.0
1261,12.74,20.0
3817,11.66,35.0
6207,0.29,0.0
9705,10.72,3.0
9055,6.315714285714286,9.0
5963,8.44,10.0
2099,7.58,9.0
4827,14.3,11.0
12047,2.16,8.0
8929,11.54,21.0
1189,4.7775,5.0
93,5.9,17.0
958,8.0,4.0
12605,1.07,8.0
10338,8.58,14.0
3659,4.41,2.0
4495,3.0,3.0
4495,3.0,3.0
1264,16.81,20.0
3767,4.96,2.0
9231,7.88,3.0
5796,2.0,3.0
6594,1.04,1.0
4443,5.03125,9.0
10209,15.87,18.0
2171,5.64,1.0
11338,2.81,3.0
13629,6.24,0.0
3688,1.48,1.0
4037,1.53,1.0
3681,1.08,1.0
11203,4.255,1.0
1314,2.98,4.0
8376,10.02,8.0
13161,16.64,22.0
8749,24.06,26.0
9504,2.45,18.0
4602,3.71,6.0
8894,45.88,24.0
13584,5.37,7.0
1699,3.37,4.0
8491,20.7,16.0
10187,13.61,10.0
6205,0.92,2.0
10005,2.78,4.0
6522,9.35,9.0
11713,33.95,32.0
11402,1.15,1.0
11327,0.73,1.0
7889,14.67,15.0
522,1.1,2.0
6734,1.0,1.0
13322,11.68,24.0
5563,7.89,11.0
7882,14.5,9.0
5479,1.7,9.0
9950,8.49,1.0
6396,3.65,0.0
10011,5.14,7.0
1301,3.73,3.0
11637,3.87,4.0
10742,8.66,11.0
8295,9.46,8.0
13283,37.26,20.0
10368,5.42,2.0
7591,9.8,11.0
13038,32.35,8.0
2200,5.25,2.0
4088,1.85,1.0
7076,13.48,13.0
1076,8.83,9.0
5736,2.26,2.0
9967,19.35,22.0
12378,1.5,0.0
7456,6.47,12.0
11534,3.0,3.0
9685,5.02,5.0
9655,11.38,13.0
8417,2.69,2.0
10936,26.7,26.0
10137,14.6,11.0
11705,21.42,27.0
4250,9.0,9.0
4250,9.0,9.0
4479,3.0,3.0
4479,3.0,3.0
13787,6.08,4.0
6392,5.08,0.0
12869,1.36,5.0
8489,6.41,3.0
8991,10.78,9.0
7301,105.38,112.0
9267,3.73,3.0
4402,6.1464,3.0
1825,17.71,13.0
157,38.98,42.0
5807,1.44,1.0
12249,4.57,1.0
11003,31.84,33.0
10507,58.44,130.0
3719,10.28,12.0
487,4.33,6.0
5066,2.36,2.0
4331,5.99,5.0
4331,5.99,5.0
12599,16.61,20.0
1627,12.88,22.0
616,5.5,3.0
4488,6.66,7.0
4488,6.66,7.0
1470,6.62,3.0
8700,22.94875,25.0
9271,3.94,12.0
2116,4.65,6.0
5167,16.72,14.0
5549,10.1,11.0
7546,5.81,6.0
5182,15.93,21.0
12652,1.11,0.0
1598,24.04,24.0
4641,2.48,1.0
6238,5.23,12.0
669,3.71,8.0
4476,3.0,3.0
4476,3.0,3.0
4035,2.08,1.0
10825,13.0,8.0
4335,5.67,6.0
4335,5.67,6.0
9500,1.6,2.0
3820,19.07,18.0
13718,20.45,17.0
11957,1.77,1.0
9829,6.32,12.0
13528,6.0,6.0
8483,2.1,4.0
7694,8.42,8.0
7694,8.42,8.0
7694,8.42,8.0
7694,8.42,8.0
5478,7.19,10.0
999,8.68,8.0
4418,3.986,3.0
4418,3.986,3.0
3849,1.72,1.0
6781,3.02,3.0
9866,7.84,6.0
1820,15.9,16.0
4183,8.41,6.0
5086,4.1,1.0
12890,1.0,1.0
2124,7.37,9.0
354,2.18,2.0
2313,3.31,5.0
9909,11.51,8.0
10944,28.65,28.0
11398,4.26,1.0
7881,13.26,13.0
7171,9.63,10.0
4949,17.13,14.0
13444,4.14,6.0
13602,9.31,10.0
2208,5.37,6.0
7527,7.16,4.0
10200,17.7,24.0
9747,26.96,25.0
6385,4.6,1.0
1093,12.19,14.0
11921,36.2,14.0
11764,3.26,1.0
3830,15.9,7.0
1783,9.89,5.0
1257,11.99,13.0
6109,6.93,7.0
2157,12.93,15.0
9900,3.68,4.0
598,3.1,3.0
598,3.1,3.0
3806,5.96,6.0
7715,3.08,3.0
13807,5.65,1.0
1531,15.21,12.0
12474,1.67,1.0
12512,0.28,0.0
12055,2.11,5.0
11822,3.98,1.0
500,6.9,1.0
3897,10.42,14.0
11049,3.8,10.0
7539,5.46,5.0
5965,14.6,17.0
5965,14.6,17.0
4805,5.15,13.0
4682,4.96,10.0
7596,7.96,10.0
2238,9.25,9.0
5800,2.0,2.0
5236,0.94,1.0
1090,11.13,13.0
9865,7.84,6.0
5364,3.66,4.0
7540,5.46,5.0
1265,17.44,20.0
7741,4.47,3.0
3695,1.69,8.0
6401,0.65,0.0
5799,2.0,2.0
13470,5.02,6.0
8560,3.9,4.0
2350,18.79,16.0
12892,0.85,1.0
2237,9.11,9.0
6296,3.44,2.0
11189,5.12,1.0
9468,7.77,22.0
11492,2.21,1.0
4298,3.0,3.0
4298,3.0,3.0
9196,15.61,13.0
6910,9.83,6.0
10295,6.17,6.0
6229,2.75,4.0
7920,4.6,7.0
13522,6.0,8.0
10555,9.34,42.0
4526,3.0,3.0
1549,6.78,6.0
12604,1.99,0.0
9641,8.77,8.0
10547,12.03,4.0
5583,13.84,13.0
5249,7.63,25.0
8637,3.08,3.0
12431,2.44,8.0
382,6.12,5.0
2146,5.19,5.0
11665,1.0,1.0
6299,3.44,10.0
4543,3.925,3.0
4543,3.925,3.0
1971,4.2,4.0
4671,7.96,4.0
12881,1.79,1.0
5071,0.26,0.0
2339,5.24,3.0
3709,7.32,8.0
1981,4.47,6.0
6300,5.67,10.0
318,4.12,4.0
7250,5.39,2.0
6779,3.05,3.0
12573,5.74,0.0
2243,9.74,9.0
10061,11.37,7.0
7129,4.63,10.0
2310,8.49,3.0
13618,6.69,8.0
8234,6.48,3.0
12397,7.752000000000001,1.0
2179,4.52,6.0
5011,9.44,7.0
8180,10.18,7.0
391,8.23,7.0
4154,4.54,15.0
5315,4.86,4.0
10759,17.09,8.0
9160,7.1,7.0
1441,6.325,9.0
1778,3.57,9.0
9771,6.67,10.0
1668,3.37,2.0
10425,26.22,26.0
346,5.7,3.0
11428,2.14,0.0
3945,15.62,17.0
9505,3.37,2.0
10959,26.62,25.0
9309,2.746666666666667,15.0
10890,5.85,10.0
11452,10.31,15.0
4620,11.69,2.0
5134,10.2,15.0
9684,4.25,6.0
10622,38.41,16.0
6117,7.03,7.0
6962,5.31,5.0
13412,2.9,2.0
3824,20.73,9.0
13427,6.59,3.0
1211,5.01,7.0
5036,12.26,14.0
9576,19.82,26.0
4306,4.06,3.0
4306,4.06,3.0
1774,5.69,5.0
10567,10.34,9.0
5935,9.84,36.0
9390,1.77,0.0
13838,3.47,3.0
11585,2.84,2.0
13630,11.21,4.0
1397,5.14,6.0
4273,3.33,3.0
4273,3.33,3.0
8987,15.46,17.0
7557,5.07,6.0
13858,6.72,15.0
4303,3.0,6.0
4303,3.0,6.0
12353,3.0,4.0
5351,1.05,1.0
7167,13.03,17.0
2137,11.82,14.0
5145,6.69,5.0
4230,7.13,10.0
1798,11.9,12.0
8233,3.64,3.0
8592,13.06,8.0
8811,6.18,4.0
10505,65.93,107.0
1974,5.98,4.0
1403,2.76,4.0
9017,10.25,11.0
8878,65.01,9.0
1486,14.96,23.0
6797,3.0,3.0
6797,3.0,3.0
4507,3.0,3.0
4507,3.0,3.0
10190,13.84,17.0
4959,1.71,2.0
3748,5.93,6.0
4254,5.54,7.0
4254,5.54,7.0
7659,20.68,22.0
7659,20.68,22.0
7659,20.68,22.0
7659,20.68,22.0
4531,3.0,3.0
4531,3.0,3.0
5023,3.52,26.0
6472,10.33,10.0
4239,3.63,3.0
4239,3.63,3.0
4486,5.97,6.0
4486,5.97,6.0
10441,13.95,17.0
11993,15.31,18.0
8848,4.0,8.0
5562,4.91,7.0
7681,19.3,22.0
7681,19.3,22.0
7681,19.3,22.0
7681,19.3,22.0
4025,4.4,2.0
6951,3.02,3.0
13501,3.09,3.0
9460,6.11,6.0
1027,4.52,3.0
1117,19.35,12.0
7351,4.2,4.0
3605,5.11,1.0
9389,0.38,0.0
6359,5.72,6.0
75,6.22,6.0
12657,1.0,6.0
8113,4.28,5.0
5676,8.46,4.0
8993,10.5,9.0
4831,20.72,20.0
1373,9.52,3.0
13460,5.01,5.0
5635,9.9,10.0
6025,11.89,12.0
2230,2.97,1.0
4394,8.16,9.0
4394,8.16,9.0
13615,14.57,12.0
9396,5.55,6.0
7639,14.78,19.0
550,2.57,1.0
3668,2.8,2.0
13438,2.79,3.0
7271,10.52,7.0
6706,2.89,1.0
5202,3.2,10.0
8002,13.37,19.0
10898,4.58,7.0
5369,6.53,1.0
9174,4.11,4.0
5320,6.13,4.0
1835,17.48,19.0
12608,2.84,3.0
9541,19.36,27.0
5133,10.0,15.0
7614,7.4,6.0
11160,7.43,9.0
6515,11.38,10.0
144,32.69,31.0
13146,13.5175,15.0
6764,3.1,3.0
1227,5.88,5.0
1448,6.4,3.0
5514,7.89,10.0
871,10.35,11.0
8516,17.78,17.0
13954,9.95,9.0
9531,3.97,5.0
7725,3.92,4.0
4173,7.68,7.0
8385,8.16,8.0
1280,8.15,15.0
14006,22.06,24.0
4093,6.02,3.0
4931,5.51,18.0
13375,20.91,23.0
13375,20.91,23.0
816,13.62,2.0
10724,10.99,34.0
8861,1.6,6.0
10390,7.03,5.0
1056,14.15,6.0
6290,3.99,3.0
10408,24.7,25.0
1853,3.36,1.0
7723,2.1,1.0
8068,4.03,6.0
13766,9.44,18.0
4053,17.91,18.0
5045,1.87,3.0
10500,54.82,35.0
4192,3.47,4.0
8827,4.44,2.0
825,8.91,5.0
7176,5.32,8.0
2169,11.93,10.0
7496,5.95,10.0
10464,15.03,15.0
13923,22.8,6.0
13846,4.74,3.0
9119,5.6,8.0
8818,7.6,8.0
789,12.32,15.0
16,41.0,41.0
16,41.0,41.0
8322,19.63,28.0
8165,3.78,3.0
980,9.0,9.0
12417,4.51,7.0
13967,14.57,10.0
2140,12.74,12.0
9853,1.72,3.0
9913,12.55,10.0
12069,24.57,25.0
13216,30.83,21.0
7139,3.86,3.0
4575,3.206666666666666,3.0
6436,0.91,0.0
2154,13.2,12.0
7662,8.12,8.0
7662,8.12,8.0
7662,8.12,8.0
7662,8.12,8.0
11363,3.95,4.0
12391,4.32,8.0
11950,19.76,14.0
7674,8.06,8.0
7674,8.06,8.0
7674,8.06,8.0
7674,8.06,8.0
1226,5.88,6.0
7571,4.97,5.0
8845,4.0,4.0
4325,4.035,3.0
4325,4.035,3.0
1556,10.52,12.0
11231,1.15,1.0
8333,7.92,7.0
2268,9.27,12.0
7987,15.96,20.0
11540,3.18,0.0
13534,6.87,7.0
8321,24.07,26.0
6132,2.68,1.0
455,11.64,5.0
5418,11.43,18.0
617,5.34,3.0
68,7.36,7.0
10550,20.23,9.0
11287,4.71,5.0
7624,11.6,13.0
4794,9.67,11.0
4794,9.67,11.0
129,32.06,32.0
10804,5.06,7.0
8058,6.86,9.0
9713,23.5,26.0
4537,4.2,5.0
4537,4.2,5.0
6297,3.44,7.0
2009,4.17,5.0
13266,105.63,34.0
3779,1.96,2.0
4681,5.08,3.0
575,2.24,2.0
4260,5.53,6.0
4260,5.53,6.0
745,15.96,16.0
7951,6.48,7.0
13495,3.0,3.0
9357,8.28,9.0
12051,5.34,5.0
10592,14.01,21.0
3962,3.71,2.0
5773,2.73,2.0
10671,30.42,52.0
4031,4.21,6.0
12810,16.05,15.0
6892,2.09,2.0
12523,1.38,4.0
1934,14.19,17.0
4945,17.52,13.0
9428,6.99,4.0
865,6.6,10.0
7349,6.55,7.0
5283,7.27,5.0
